INSERT INTO patients (name, gender, dob, contact_no, address) VALUES
('Aarav Mehta','Male','1995-04-12','9000000001','Mumbai, Maharashtra'),
('Priya Sharma','Female','1992-06-24','9000000002','Pune, Maharashtra'),
('Rohan Verma','Male','1988-03-15','9000000003','Nashik, Maharashtra'),
('Sneha Patil','Female','1999-10-10','9000000004','Nagpur, Maharashtra'),
('Ananya Singh','Female','2000-09-18','9000000005','Thane, Maharashtra'),
('Karan Joshi','Male','1997-12-02','9000000006','Kolhapur, Maharashtra'),
('Mira Desai','Female','1985-02-25','9000000007','Aurangabad, Maharashtra'),
('Vikram Kapoor','Male','1979-07-08','9000000008','Solapur, Maharashtra'),
('Ritika Nair','Female','1994-05-05','9000000009','Nagpur, Maharashtra'),
('Sahil Gupta','Male','1996-08-22','9000000010','Pune, Maharashtra'),
('Neha Bansal','Female','1998-11-11','9000000011','Mumbai, Maharashtra'),
('Aditya Rao','Male','1993-04-09','9000000012','Nashik, Maharashtra'),
('Pooja Jain','Female','1990-01-30','9000000013','Thane, Maharashtra'),
('Arjun Khanna','Male','1987-02-10','9000000014','Pune, Maharashtra'),
('Riya Patel','Female','2001-09-12','9000000015','Aurangabad, Maharashtra'),
('Amit Kumar','Male','1992-03-15','9000000016','Mumbai, Maharashtra'),
('Tanya Ghosh','Female','1989-08-14','9000000017','Nagpur, Maharashtra'),
('Manish Pandey','Male','1991-12-12','9000000018','Pune, Maharashtra'),
('Komal Chauhan','Female','1995-07-16','9000000019','Thane, Maharashtra'),
('Deepak Yadav','Male','1984-09-09','9000000020','Solapur, Maharashtra'),
('Sanjana Iyer','Female','1996-02-22','9000000021','Mumbai, Maharashtra'),
('Rahul Sinha','Male','1998-03-25','9000000022','Pune, Maharashtra'),
('Divya Reddy','Female','1999-05-20','9000000023','Nashik, Maharashtra'),
('Varun Agarwal','Male','1993-06-06','9000000024','Thane, Maharashtra'),
('Nisha Das','Female','1994-11-30','9000000025','Mumbai, Maharashtra'),
('Ajay Kumar','Male','1986-12-21','9000000026','Aurangabad, Maharashtra'),
('Rachita Bose','Female','1997-04-14','9000000027','Nagpur, Maharashtra'),
('Raj Mehta','Male','1990-09-11','9000000028','Pune, Maharashtra'),
('Shruti Kapoor','Female','1995-08-18','9000000029','Mumbai, Maharashtra'),
('Harsh Sharma','Male','1989-05-23','9000000030','Thane, Maharashtra'),
('Payal Tiwari','Female','2000-06-19','9000000031','Nashik, Maharashtra'),
('Kunal Shah','Male','1994-07-28','9000000032','Mumbai, Maharashtra'),
('Rekha Menon','Female','1991-03-17','9000000033','Pune, Maharashtra'),
('Ankit Bhatia','Male','1997-01-06','9000000034','Aurangabad, Maharashtra'),
('Pallavi Deshmukh','Female','1998-02-20','9000000035','Thane, Maharashtra'),
('Suresh Naik','Male','1985-09-01','9000000036','Nagpur, Maharashtra'),
('Isha Malhotra','Female','1992-05-05','9000000037','Mumbai, Maharashtra'),
('Ramesh Gaur','Male','1980-11-03','9000000038','Solapur, Maharashtra'),
('Shreya Pillai','Female','2000-04-15','9000000039','Pune, Maharashtra'),
('Abhishek Jha','Male','1996-06-22','9000000040','Mumbai, Maharashtra'),
('Tanvi Kaur','Female','1999-10-10','9000000041','Nashik, Maharashtra'),
('Dev Patel','Male','1987-01-09','9000000042','Nagpur, Maharashtra'),
('Kavya Rao','Female','1993-07-11','9000000043','Thane, Maharashtra'),
('Rohit Chavan','Male','1991-02-18','9000000044','Pune, Maharashtra'),
('Mitali Dutta','Female','1994-05-21','9000000045','Mumbai, Maharashtra'),
('Anil Deshmukh','Male','1989-11-25','9000000046','Aurangabad, Maharashtra'),
('Swati Iyer','Female','1995-09-15','9000000047','Thane, Maharashtra'),
('Nikhil Jain','Male','1990-03-22','9000000048','Nashik, Maharashtra'),
('Asha Nair','Female','1996-12-01','9000000049','Nagpur, Maharashtra'),
('Sameer Khan','Male','1988-08-30','9000000050','Pune, Maharashtra');




INSERT INTO doctors (name, specialization, contact_no, email) VALUES
('Dr. Ramesh Patil','Cardiology','8000000001','ramesh.patil@hospital.com'),
('Dr. Neha Gupta','Neurology','8000000002','neha.gupta@hospital.com'),
('Dr. Rajesh Sharma','Orthopedics','8000000003','rajesh.sharma@hospital.com'),
('Dr. Meena Nair','Pediatrics','8000000004','meena.nair@hospital.com'),
('Dr. Kiran Mehta','Dermatology','8000000005','kiran.mehta@hospital.com'),
('Dr. Anjali Singh','Gynecology','8000000006','anjali.singh@hospital.com'),
('Dr. Vivek Rao','ENT','8000000007','vivek.rao@hospital.com'),
('Dr. Sneha Pillai','Dentistry','8000000008','sneha.pillai@hospital.com'),
('Dr. Arjun Iyer','Cardiology','8000000009','arjun.iyer@hospital.com'),
('Dr. Kavita Joshi','Neurology','8000000010','kavita.joshi@hospital.com'),
('Dr. Sameer Verma','Orthopedics','8000000011','sameer.verma@hospital.com'),
('Dr. Ritu Kapoor','Pediatrics','8000000012','ritu.kapoor@hospital.com'),
('Dr. Nilesh Sinha','Dermatology','8000000013','nilesh.sinha@hospital.com'),
('Dr. Payal Desai','Gynecology','8000000014','payal.desai@hospital.com'),
('Dr. Harish Yadav','ENT','8000000015','harish.yadav@hospital.com'),
('Dr. Tanya Rao','Dentistry','8000000016','tanya.rao@hospital.com'),
('Dr. Arvind Kumar','Cardiology','8000000017','arvind.kumar@hospital.com'),
('Dr. Preeti Sharma','Neurology','8000000018','preeti.sharma@hospital.com'),
('Dr. Deepak Naik','Orthopedics','8000000019','deepak.naik@hospital.com'),
('Dr. Rachna Ghosh','Pediatrics','8000000020','rachna.ghosh@hospital.com'),
('Dr. Vinod Menon','Dermatology','8000000021','vinod.menon@hospital.com'),
('Dr. Alka Reddy','Gynecology','8000000022','alka.reddy@hospital.com'),
('Dr. Mohit Singh','ENT','8000000023','mohit.singh@hospital.com'),
('Dr. Snehal Patel','Dentistry','8000000024','snehal.patel@hospital.com'),
('Dr. Suresh Das','Cardiology','8000000025','suresh.das@hospital.com'),
('Dr. Amrita Dey','Neurology','8000000026','amrita.dey@hospital.com'),
('Dr. Harsh Malhotra','Orthopedics','8000000027','harsh.malhotra@hospital.com'),
('Dr. Rina Paul','Pediatrics','8000000028','rina.paul@hospital.com'),
('Dr. Shankar Nair','Dermatology','8000000029','shankar.nair@hospital.com'),
('Dr. Poonam Gaur','Gynecology','8000000030','poonam.gaur@hospital.com'),
('Dr. Manav Arora','ENT','8000000031','manav.arora@hospital.com'),
('Dr. Isha Khanna','Dentistry','8000000032','isha.khanna@hospital.com'),
('Dr. Rohit Das','Cardiology','8000000033','rohit.das@hospital.com'),
('Dr. Kriti Mehta','Neurology','8000000034','kriti.mehta@hospital.com'),
('Dr. Manoj Sahu','Orthopedics','8000000035','manoj.sahu@hospital.com'),
('Dr. Sneha Reddy','Pediatrics','8000000036','sneha.reddy@hospital.com'),
('Dr. Ajay Ghosh','Dermatology','8000000037','ajay.ghosh@hospital.com'),
('Dr. Leena Iyer','Gynecology','8000000038','leena.iyer@hospital.com'),
('Dr. Kunal Menon','ENT','8000000039','kunal.menon@hospital.com'),
('Dr. Divya Shah','Dentistry','8000000040','divya.shah@hospital.com'),
('Dr. Arvind Sharma','Cardiology','8000000041','arvind.sharma@hospital.com'),
('Dr. Bhavna Das','Neurology','8000000042','bhavna.das@hospital.com'),
('Dr. Rakesh Patil','Orthopedics','8000000043','rakesh.patil@hospital.com'),
('Dr. Nisha Bhat','Pediatrics','8000000044','nisha.bhat@hospital.com'),
('Dr. Vikas Nair','Dermatology','8000000045','vikas.nair@hospital.com'),
('Dr. Meera Singh','Gynecology','8000000046','meera.singh@hospital.com'),
('Dr. Gaurav Sharma','ENT','8000000047','gaurav.sharma@hospital.com'),
('Dr. Shilpa Rane','Dentistry','8000000048','shilpa.rane@hospital.com'),
('Dr. Tushar Agarwal','Cardiology','8000000049','tushar.agarwal@hospital.com'),
('Dr. Pooja Khurana','Neurology','8000000050','pooja.khurana@hospital.com');




INSERT INTO appointments (patient_id, doctor_id, appointment_date, appointment_time, status) VALUES
(1, 1, '2025-10-01', '10:00:00', 'Completed'),
(2, 3, '2025-10-02', '11:00:00', 'Completed'),
(3, 5, '2025-10-03', '09:30:00', 'Completed'),
(4, 7, '2025-10-04', '10:45:00', 'Completed'),
(5, 2, '2025-10-05', '12:00:00', 'Completed'),
(6, 4, '2025-10-06', '14:00:00', 'Completed'),
(7, 6, '2025-10-07', '15:00:00', 'Completed'),
(8, 8, '2025-10-08', '16:30:00', 'Completed'),
(9, 9, '2025-10-09', '10:00:00', 'Completed'),
(10, 10, '2025-10-10', '09:00:00', 'Completed'),
(11, 11, '2025-10-11', '13:00:00', 'Completed'),
(12, 12, '2025-10-12', '11:30:00', 'Completed'),
(13, 13, '2025-10-13', '10:15:00', 'Completed'),
(14, 14, '2025-10-14', '09:45:00', 'Completed'),
(15, 15, '2025-10-15', '10:00:00', 'Completed'),
(16, 16, '2025-10-16', '15:15:00', 'Completed'),
(17, 17, '2025-10-17', '13:45:00', 'Completed'),
(18, 18, '2025-10-18', '11:00:00', 'Completed'),
(19, 19, '2025-10-19', '10:30:00', 'Completed'),
(20, 20, '2025-10-20', '16:00:00', 'Completed'),
(21, 21, '2025-10-21', '11:45:00', 'Completed'),
(22, 22, '2025-10-22', '12:30:00', 'Completed'),
(23, 23, '2025-10-23', '14:15:00', 'Completed'),
(24, 24, '2025-10-24', '09:00:00', 'Completed'),
(25, 25, '2025-10-25', '11:00:00', 'Completed'),
(26, 26, '2025-10-26', '13:30:00', 'Completed'),
(27, 27, '2025-10-27', '10:00:00', 'Completed'),
(28, 28, '2025-10-28', '15:00:00', 'Completed'),
(29, 29, '2025-10-29', '16:00:00', 'Completed'),
(30, 30, '2025-10-30', '09:30:00', 'Completed'),
(31, 31, '2025-11-01', '10:30:00', 'Scheduled'),
(32, 32, '2025-11-02', '11:15:00', 'Scheduled'),
(33, 33, '2025-11-03', '12:00:00', 'Scheduled'),
(34, 34, '2025-11-04', '14:00:00', 'Scheduled'),
(35, 35, '2025-11-05', '15:30:00', 'Scheduled'),
(36, 36, '2025-11-06', '16:30:00', 'Scheduled'),
(37, 37, '2025-11-07', '09:00:00', 'Scheduled'),
(38, 38, '2025-11-08', '10:45:00', 'Scheduled'),
(39, 39, '2025-11-09', '11:30:00', 'Scheduled'),
(40, 40, '2025-11-10', '13:00:00', 'Scheduled'),
(41, 41, '2025-11-11', '14:15:00', 'Scheduled'),
(42, 42, '2025-11-12', '10:00:00', 'Scheduled'),
(43, 43, '2025-11-13', '12:30:00', 'Scheduled'),
(44, 44, '2025-11-14', '15:00:00', 'Scheduled'),
(45, 45, '2025-11-15', '09:45:00', 'Scheduled'),
(46, 46, '2025-11-16', '11:00:00', 'Scheduled'),
(47, 47, '2025-11-17', '13:15:00', 'Scheduled'),
(48, 48, '2025-11-18', '14:45:00', 'Scheduled'),
(49, 49, '2025-11-19', '15:30:00', 'Scheduled'),
(50, 50, '2025-11-20', '16:00:00', 'Scheduled');




INSERT INTO treatments (appointment_id, diagnosis, treatment_given, prescribed_medicine, treatment_cost) VALUES
(1,'Fever','Paracetamol & Rest','Crocin',500.00),
(2,'Back Pain','Physiotherapy','Pain Relief Gel',1500.00),
(3,'Allergy','Antihistamine','Cetirizine',800.00),
(4,'Ear Infection','Antibiotic Course','Amoxicillin',1200.00),
(5,'Headache','Medication','Ibuprofen',600.00),
(6,'Cold','Rest & Fluids','Dolo 650',500.00),
(7,'Toothache','Dental Cleaning','Sensodyne',2000.00),
(8,'Skin Rash','Ointment','Hydrocortisone Cream',700.00),
(9,'High BP','BP Control','Amlodipine',1000.00),
(10,'Anemia','Iron Supplements','Iron Tablets',900.00),
(11,'Migraine','Medication','Sumatriptan',1200.00),
(12,'Diabetes','Blood Sugar Control','Metformin',1500.00),
(13,'Cough','Syrup','Benadryl',500.00),
(14,'Joint Pain','Physio & Tablet','Diclofenac',1300.00),
(15,'Asthma','Inhaler','Asthalin',2000.00),
(16,'Ulcer','Antacid','Omeprazole',1000.00),
(17,'Thyroid','Hormone Tablets','Thyronorm',900.00),
(18,'Infection','Antibiotic','Azithromycin',1100.00),
(19,'Ear Block','Cleaning','Ear Drops',500.00),
(20,'Chest Pain','ECG & Medicine','Nitroglycerin',2500.00),
(21,'Sinus','Nasal Spray','Otrivin',900.00),
(22,'Skin Infection','Ointment','Fusidic Acid',800.00),
(23,'Fever','Rest & Tablet','Paracetamol',400.00),
(24,'Acne','Dermatology Treatment','Clindamycin Gel',1300.00),
(25,'Back Pain','Therapy','Painkillers',1500.00),
(26,'Allergy','Antihistamine','Loratadine',700.00),
(27,'Cold','Antiviral','Coldrex',600.00),
(28,'Migraine','Medication','Naproxen',1300.00),
(29,'Cough','Syrup','Corex',450.00),
(30,'Fever','Tablet','Dolo 650',400.00),
(31,'Sinus','Spray','Nasivion',1000.00),
(32,'Back Pain','Therapy','Volini',1200.00),
(33,'Tooth Infection','Dental Cleaning','Amoxil',2000.00),
(34,'Asthma','Inhaler','Foracort',1800.00),
(35,'Thyroid','Medication','Eltroxin',900.00),
(36,'Cold','Tablet','Sinarest',500.00),
(37,'Ear Pain','Ear Drop','Ciplox',1000.00),
(38,'Headache','Rest','Crocin',400.00),
(39,'High BP','BP Tablets','Amlopres',1000.00),
(40,'Cough','Syrup','Chericof',700.00),
(41,'Allergy','Ointment','Betnovate',800.00),
(42,'Cold','Rest','Vicks',300.00),
(43,'Asthma','Inhaler','Levolin',1800.00),
(44,'Fever','Tablet','Paracetamol',500.00),
(45,'Toothache','Extraction','Amoxil',2500.00),
(46,'Skin Rash','Cream','Eumosone',600.00),
(47,'Diabetes','Medication','Glycomet',1500.00),
(48,'Cough','Syrup','Ascoril',700.00),
(49,'Migraine','Tablet','Sumatriptan',1200.00),
(50,'Cold','Rest & Medicine','D Cold Total',400.00);



INSERT INTO billing (patient_id, total_amount, amount_paid, payment_status, bill_date) VALUES
(1,500.00,500.00,'Paid','2025-10-01'),
(2,1500.00,1500.00,'Paid','2025-10-02'),
(3,800.00,800.00,'Paid','2025-10-03'),
(4,1200.00,1200.00,'Paid','2025-10-04'),
(5,600.00,600.00,'Paid','2025-10-05'),
(6,500.00,500.00,'Paid','2025-10-06'),
(7,2000.00,1000.00,'Partial','2025-10-07'),
(8,700.00,700.00,'Paid','2025-10-08'),
(9,1000.00,1000.00,'Paid','2025-10-09'),
(10,900.00,900.00,'Paid','2025-10-10'),
(11,1200.00,1200.00,'Paid','2025-10-11'),
(12,1500.00,500.00,'Partial','2025-10-12'),
(13,500.00,500.00,'Paid','2025-10-13'),
(14,1300.00,1300.00,'Paid','2025-10-14'),
(15,2000.00,2000.00,'Paid','2025-10-15'),
(16,1000.00,1000.00,'Paid','2025-10-16'),
(17,900.00,900.00,'Paid','2025-10-17'),
(18,1100.00,500.00,'Partial','2025-10-18'),
(19,500.00,500.00,'Paid','2025-10-19'),
(20,2500.00,2000.00,'Partial','2025-10-20'),
(21,900.00,900.00,'Paid','2025-10-21'),
(22,800.00,800.00,'Paid','2025-10-22'),
(23,400.00,400.00,'Paid','2025-10-23'),
(24,1300.00,1300.00,'Paid','2025-10-24'),
(25,1500.00,1000.00,'Partial','2025-10-25'),
(26,700.00,700.00,'Paid','2025-10-26'),
(27,600.00,600.00,'Paid','2025-10-27'),
(28,1300.00,1300.00,'Paid','2025-10-28'),
(29,450.00,450.00,'Paid','2025-10-29'),
(30,400.00,400.00,'Paid','2025-10-30'),
(31,1000.00,0.00,'Pending','2025-11-01'),
(32,1200.00,0.00,'Pending','2025-11-02'),
(33,2000.00,0.00,'Pending','2025-11-03'),
(34,1800.00,0.00,'Pending','2025-11-04'),
(35,900.00,0.00,'Pending','2025-11-05'),
(36,500.00,0.00,'Pending','2025-11-06'),
(37,1000.00,0.00,'Pending','2025-11-07'),
(38,400.00,0.00,'Pending','2025-11-08'),
(39,1000.00,0.00,'Pending','2025-11-09'),
(40,700.00,0.00,'Pending','2025-11-10'),
(41,800.00,0.00,'Pending','2025-11-11'),
(42,300.00,0.00,'Pending','2025-11-12'),
(43,1800.00,0.00,'Pending','2025-11-13'),
(44,500.00,0.00,'Pending','2025-11-14'),
(45,2500.00,0.00,'Pending','2025-11-15'),
(46,600.00,0.00,'Pending','2025-11-16'),
(47,1500.00,0.00,'Pending','2025-11-17'),
(48,700.00,0.00,'Pending','2025-11-18'),
(49,1200.00,0.00,'Pending','2025-11-19'),
(50,400.00,0.00,'Pending','2025-11-20');



INSERT INTO staff (name, role, contact_no, shift_time) VALUES
('Asha Patil','Nurse','7000000001','Morning'),
('Ravi Sharma','Receptionist','7000000002','Morning'),
('Neeta Desai','Technician','7000000003','Morning'),
('Amit Rao','Cleaner','7000000004','Evening'),
('Suresh Iyer','Security','7000000005','Night'),
('Kavita Mehta','Nurse','7000000006','Morning'),
('Raj Gupta','Technician','7000000007','Evening'),
('Tina Nair','Receptionist','7000000008','Morning'),
('Rohit Menon','Security','7000000009','Night'),
('Preeti Singh','Nurse','7000000010','Morning'),
('Anil Das','Cleaner','7000000011','Evening'),
('Meera Dey','Nurse','7000000012','Morning'),
('Vikas Reddy','Technician','7000000013','Evening'),
('Simran Kapoor','Receptionist','7000000014','Morning'),
('Ajay Yadav','Security','7000000015','Night'),
('Kiran Nair','Nurse','7000000016','Morning'),
('Rekha Rao','Cleaner','7000000017','Evening'),
('Arun Sharma','Technician','7000000018','Morning'),
('Deepa Pillai','Receptionist','7000000019','Morning'),
('Rakesh Patil','Security','7000000020','Night'),
('Sanjay Kumar','Cleaner','7000000021','Evening'),
('Manisha Iyer','Nurse','7000000022','Morning'),
('Prakash Desai','Technician','7000000023','Evening'),
('Sneha Singh','Receptionist','7000000024','Morning'),
('Mohit Mehta','Security','7000000025','Night'),
('Aarti Sharma','Nurse','7000000026','Morning'),
('Rajesh Das','Cleaner','7000000027','Evening'),
('Nisha Menon','Technician','7000000028','Evening'),
('Poonam Nair','Receptionist','7000000029','Morning'),
('Harish Gupta','Security','7000000030','Night'),
('Komal Reddy','Nurse','7000000031','Morning'),
('Devendra Joshi','Cleaner','7000000032','Evening'),
('Reema Dey','Technician','7000000033','Evening'),
('Ajay Singh','Security','7000000034','Night'),
('Bhavna Rao','Receptionist','7000000035','Morning'),
('Amit Gaur','Cleaner','7000000036','Evening'),
('Lata Patil','Nurse','7000000037','Morning'),
('Pranav Deshmukh','Technician','7000000038','Evening'),
('Rita Iyer','Receptionist','7000000039','Morning'),
('Sumit Naik','Security','7000000040','Night'),
('Snehal Dutta','Cleaner','7000000041','Evening'),
('Krishna Nair','Technician','7000000042','Morning'),
('Neha Shah','Nurse','7000000043','Morning'),
('Vivek Yadav','Cleaner','7000000044','Evening'),
('Payal Mehta','Receptionist','7000000045','Morning'),
('Rohit Kumar','Security','7000000046','Night'),
('Priti Sharma','Nurse','7000000047','Morning'),
('Dinesh Das','Technician','7000000048','Evening'),
('Kajal Singh','Receptionist','7000000049','Morning'),
('Anita Joshi','Cleaner','7000000050','Evening');











